id,duid,affiliation
1,0700682,staff@duke.edu
2,0215274,staff@duke.edu
4,0278445,staff@duke.edu
5,0961968,alumni@duke.edu
6,1039866,staff@duke.edu
7,0909969,staff@duke.edu
8,0491157,staff
9,0599231,staff
10,0332800,staff@duke.edu
11,0416431,staff@duke.edu
12,0718300,staff@duke.edu
13,0967030,staff@duke.edu
14,0679389,staff@duke.edu
15,0574098,faculty@duke.edu
16,0621798,staff
17,0337090,staff@duke.edu
18,0663340,staff@duke.edu
19,1116941,staff@duke.edu
20,0570486,staff
21,0629622,staff@duke.edu
22,0378883,staff@duke.edu
23,1060680,staff@duke.edu
24,0736354,alumni@duke.edu
25,0417279,staff@duke.edu
26,0454401,staff@duke.edu
27,1050087,student@duke.edu
28,1183047,staff@duke.edu
29,1166499,student@duke.edu
30,1110822,staff@duke.edu
31,1184764,staff@duke.edu
32,0935590,student@duke.edu
33,0937370,staff@duke.edu
34,1182732,staff@duke.edu
35,1208191,student@duke.edu
36,1195060,student@duke.edu
37,1218563,student@duke.edu
38,1182728,student@duke.edu
39,1181839,student@duke.edu
40,1039791,staff@duke.edu
41,1241455,staff@duke.edu
42,0645241,staff@duke.edu
43,0654032,staff@duke.edu
44,0648894,student@duke.edu
45,0775802,staff@duke.edu
46,1220973,student@duke.edu
47,1000186907,faculty@duke.edu
48,1183792,student@duke.edu
49,1174913,student@duke.edu
50,0750326,student@duke.edu
51,0793172,student@duke.edu
52,1095903,staff@duke.edu
53,1105485,student@duke.edu
54,1007560,staff@duke.edu
55,0675967,alumni@duke.edu
56,1236999,student@duke.edu
57,1022437,student@duke.edu
58,1187833,student@duke.edu
59,1185035,student@duke.edu
60,1022404,alumni@duke.edu
61,1042094,student@duke.edu
62,0899058,student@duke.edu
63,1079575,staff@duke.edu
64,1049730,student@duke.edu
65,1043670,student@duke.edu
66,1013203,staff@duke.edu
67,1119919,student@duke.edu
68,1018387,student@duke.edu
69,1042913,staff@duke.edu
70,0932994,student@duke.edu
71,1095668,staff@duke.edu
72,1174540,student@duke.edu
73,0906262,student@duke.edu
74,0789136,staff@duke.edu
75,0872506,student@duke.edu
76,1054188,staff@duke.edu
77,0946093,alumni@duke.edu
78,1169612,staff@duke.edu
79,1066028,student@duke.edu
80,0681408,staff@duke.edu
81,1244099,staff@duke.edu
82,0338096,staff@duke.edu
83,0523469,staff@duke.edu
84,1041038,student@duke.edu
85,0749985,staff@duke.edu
86,0491143,staff@duke.edu
87,0935314,staff@duke.edu
88,0635174,staff@duke.edu
89,0307130,staff@duke.edu
90,1130876,student@duke.edu
91,1176782,student@duke.edu
92,0666461,staff@duke.edu
93,0000971,alumni@duke.edu
94,0486960,staff@duke.edu
95,0413496,staff@duke.edu
96,0971537,staff@duke.edu
97,0962479,student@duke.edu
98,1255255,staff@duke.edu
99,0195419,alumni@duke.edu
100,0707783,alumni@duke.edu
101,1122565,staff@duke.edu
102,1095311,staff@duke.edu
103,0751714,staff@duke.edu
104,0933443,student@duke.edu
105,0488457,staff
106,1021628,student@duke.edu
107,0722247,staff@duke.edu
108,1019114,staff@duke.edu
109,1243664,student@duke.edu
110,0931538,staff@duke.edu
111,1207130,student@duke.edu
112,0674175,alumni@duke.edu
113,0908832,staff@duke.edu
114,1097556,staff@duke.edu
115,0910274,student@duke.edu
116,1112824,student@duke.edu
117,1099249,student@duke.edu
118,1030789,student@duke.edu
119,0934673,staff@duke.edu
120,0933734,staff@duke.edu
121,1095927,student@duke.edu
122,1195405,student@duke.edu
123,1109138,student@duke.edu
124,0227304,alumni@duke.edu
125,0979847,student@duke.edu
126,0739613,student@duke.edu
127,1040344,student@duke.edu
128,0966188,student@duke.edu
129,0966429,student@duke.edu
130,1226782,staff@duke.edu
131,1125086,affiliate@duke.edu
132,0823586,staff@duke.edu
133,0398660,staff@duke.edu
134,1095444,student@duke.edu
135,0932623,staff@duke.edu
136,0671252,alumni@duke.edu
137,1020890,staff@duke.edu
138,0792328,staff@duke.edu
139,1052854,affiliate@duke.edu
140,0936689,staff@duke.edu
141,1096636,staff@duke.edu
142,1176522,student@duke.edu
143,1172230,student@duke.edu
144,0953010,student@duke.edu
145,1247776,staff@duke.edu
146,1165814,staff@duke.edu
147,0805555,staff@duke.edu
148,1250582,staff@duke.edu
149,1241862,staff@duke.edu
150,0949651,student@duke.edu
151,0692997,staff@duke.edu
152,1035400,student@duke.edu
153,1021500,student@duke.edu
154,1108669,student@duke.edu
155,0949787,affiliate@duke.edu
156,1202382,staff@duke.edu
157,0582490,staff@duke.edu
158,0910361,staff@duke.edu
159,1026337,alumni@duke.edu
160,1030671,affiliate@duke.edu
161,0994428,staff@duke.edu
162,1168057,student@duke.edu
163,1250995,faculty@duke.edu
164,0993506,staff@duke.edu
165,1068042,staff@duke.edu
166,0876504,student@duke.edu
167,1183796,student@duke.edu
168,0940560,student@duke.edu
169,1073559,student@duke.edu
170,0846562,student@duke.edu
171,1092334,student@duke.edu
172,1249288,staff@duke.edu
173,0799492,staff@duke.edu
174,0665738,staff@duke.edu
175,0933795,staff@duke.edu
176,0971968,staff@duke.edu
177,0098878,staff@duke.edu
178,0979069,staff@duke.edu
179,0765913,staff@duke.edu
180,1201959,student@duke.edu
181,1214783,staff@duke.edu
182,0964236,alumni@duke.edu
183,1163203,student@duke.edu
184,1119454,staff@duke.edu
185,0334836,staff@duke.edu
186,1255872,affiliate@duke.edu
187,0749962,student@duke.edu
188,0999362,student@duke.edu
189,1196904,student@duke.edu
190,1196343,student@duke.edu
191,1189248,staff@duke.edu
192,1008538,alumni@duke.edu
193,1102394,student@duke.edu
194,0832339,student@duke.edu
195,1097440,student@duke.edu
196,1040523,student@duke.edu
197,1049517,student@duke.edu
198,1083578,student@duke.edu
199,1201996,student@duke.edu
200,1187092,staff@duke.edu
201,1001704,staff@duke.edu
202,1054428,student@duke.edu
203,1045584,student@duke.edu
204,1187877,student@duke.edu
205,1118908,student@duke.edu
206,1234031,student@duke.edu
207,1212481,staff@duke.edu
208,1198937,student@duke.edu
209,1111602,student@duke.edu
210,1237598,student@duke.edu
211,0860943,student@duke.edu
212,1207373,student@duke.edu
213,1043792,student@duke.edu
214,1110680,staff@duke.edu
215,1060866,affiliate@duke.edu
216,1052812,affiliate@duke.edu
217,1052859,affiliate@duke.edu
218,1227242,student@duke.edu
219,0942215,student@duke.edu
220,0962419,student@duke.edu
221,0846563,alumni@duke.edu
222,0351365,staff@duke.edu
223,0995614,student@duke.edu
224,0837952,alumni@duke.edu
225,0967566,student@duke.edu
226,0382440,staff@duke.edu
227,0933959,staff@duke.edu
228,0937818,student@duke.edu
229,0822695,staff@duke.edu
230,1008801,student@duke.edu
231,0841956,student@duke.edu
232,1225993,student@duke.edu
233,0948636,staff@duke.edu
234,1039286,staff@duke.edu
235,1088909,student@duke.edu
236,1103446,student@duke.edu
237,1024163,student@duke.edu
238,1023344,staff@duke.edu
239,1118905,staff@duke.edu
240,1036859,staff@duke.edu
241,1069793,staff@duke.edu
242,0908526,student@duke.edu
243,1098150,student@duke.edu
244,1105363,student@duke.edu
245,0939237,student@duke.edu
246,1021597,staff@duke.edu
247,1236880,staff@duke.edu
248,1099216,staff@duke.edu
249,1083460,student@duke.edu
250,1023714,student@duke.edu
251,0936730,staff@duke.edu
252,1024171,staff@duke.edu
253,0678729,student@duke.edu
254,1182027,student@duke.edu
255,0932991,student@duke.edu
256,1250997,staff@duke.edu
257,0936731,student@duke.edu
258,1241452,student@duke.edu
259,1181400,student@duke.edu
260,1161798,staff@duke.edu
261,0994684,student@duke.edu
262,0538018,alumni@duke.edu
263,0830839,student@duke.edu
264,0967587,student@duke.edu
265,1023260,student@duke.edu
266,1105764,staff@duke.edu
267,0331874,staff@duke.edu
268,0909030,affiliate@duke.edu
269,0604346,staff@duke.edu
270,1255427,staff@duke.edu
271,1168156,student@duke.edu
272,1163248,staff@duke.edu
273,1238587,staff@duke.edu
274,1201927,student@duke.edu
275,1070515,student@duke.edu
276,1236037,staff@duke.edu
277,1111591,student@duke.edu
278,1043454,staff@duke.edu
279,1104004,alumni@duke.edu
280,0933969,staff@duke.edu
281,1197375,staff@duke.edu
282,0936674,staff@duke.edu
283,0752974,student@duke.edu
284,1001313,student@duke.edu
285,1124281,staff@duke.edu
286,0970641,staff@duke.edu
287,1246951,affiliate@duke.edu
288,1191197,student@duke.edu
289,1253066,staff@duke.edu
290,1217051,staff@duke.edu
291,0822851,student@duke.edu
292,1232650,student@duke.edu
293,0750676,alumni@duke.edu
294,1097877,student@duke.edu
295,1197370,student@duke.edu
296,0468406,staff@duke.edu
297,0905686,alumni@duke.edu
298,1183913,staff@duke.edu
299,1233755,student@duke.edu
300,1128639,student@duke.edu
301,1018424,staff@duke.edu
302,1021586,student@duke.edu
303,1199756,staff@duke.edu
304,0933732,student@duke.edu
305,0688896,staff@duke.edu
306,1040165,student@duke.edu
307,1096550,student@duke.edu
308,1019107,student@duke.edu
309,1196379,student@duke.edu
310,0950133,affiliate@duke.edu
311,1174480,staff@duke.edu
312,0975667,staff@duke.edu
313,1197383,student@duke.edu
314,1052825,affiliate@duke.edu
315,1183844,student@duke.edu
316,1075370,staff@duke.edu
317,1191181,student@duke.edu
318,1233824,student@duke.edu
319,1180434,student@duke.edu
320,1104275,alumni@duke.edu
321,1200332,student@duke.edu
322,0417139,staff@duke.edu
323,0264464,alumni@duke.edu
324,1045764,staff@duke.edu
325,0949521,staff@duke.edu
326,1229061,staff@duke.edu
327,1220862,student@duke.edu
328,1040125,student@duke.edu
329,1017428,student@duke.edu
330,1178157,student@duke.edu
331,1039749,staff@duke.edu
332,0980072,student@duke.edu
333,1064268,staff@duke.edu
334,1191887,student@duke.edu
335,1194218,student@duke.edu
336,1201797,student@duke.edu
337,1201987,student@duke.edu
338,0940937,faculty@duke.edu
339,1254938,staff@duke.edu
340,1201456,staff@duke.edu
341,1232249,staff@duke.edu
342,1236123,student@duke.edu
343,1196902,student@duke.edu
344,1188783,staff@duke.edu
345,0655519,staff@duke.edu
346,0863466,staff@duke.edu
347,1063553,student@duke.edu
348,1089075,staff@duke.edu
349,1072663,staff@duke.edu
350,0828050,alumni@duke.edu
351,1023314,staff@duke.edu
352,1243276,staff@duke.edu
353,0911711,staff@duke.edu
354,0305364,student@duke.edu
355,1011329,student@duke.edu
356,1251656,staff@duke.edu
357,1235373,student@duke.edu
358,1227605,student@duke.edu
359,0490012,student@duke.edu
360,1236020,staff@duke.edu
361,0968268,staff@duke.edu
362,1094148,staff@duke.edu
363,1182407,student@duke.edu
364,1230828,student@duke.edu
365,1114362,student@duke.edu
366,1110801,student@duke.edu
367,1233717,student@duke.edu
368,1015279,student@duke.edu
369,0968978,staff@duke.edu
370,0332044,staff@duke.edu
371,1234680,student@duke.edu
372,1188100,staff@duke.edu
373,0687724,staff@duke.edu
374,1021631,staff@duke.edu
375,1021523,student@duke.edu
376,1242512,staff@duke.edu
377,0299786,staff@duke.edu
378,1034486,staff@duke.edu
379,1118737,student@duke.edu
380,1175685,staff@duke.edu
381,1201815,student@duke.edu
382,1069485,student@duke.edu
383,0828712,staff@duke.edu
384,0966051,student@duke.edu
385,0967239,student@duke.edu
386,1199029,student@duke.edu
387,1233678,student@duke.edu
388,1023731,staff@duke.edu
389,1096042,student@duke.edu
390,0927568,staff@duke.edu
391,1078042,student@duke.edu
392,1234581,student@duke.edu
393,1262382,affiliate@duke.edu
394,0936767,staff@duke.edu
395,1186295,student@duke.edu
396,1243914,faculty@duke.edu
397,0819710,student@duke.edu
398,1058245,student@duke.edu
399,1200331,student@duke.edu
400,0652983,student@duke.edu
401,0711891,staff@duke.edu
402,0844997,student@duke.edu
403,1201857,student@duke.edu
404,0876671,affiliate@duke.edu
405,1160167,staff@duke.edu
406,0914349,staff@duke.edu
407,1053652,staff@duke.edu
408,1069007,staff@duke.edu
409,0777233,staff@duke.edu
410,1233997,student@duke.edu
411,1022420,staff@duke.edu
412,1052807,staff@duke.edu
413,1251016,staff@duke.edu
414,1119806,staff@duke.edu
415,1079198,student@duke.edu
416,1232673,student@duke.edu
417,1039911,student@duke.edu
418,1011211,student@duke.edu
419,1168348,student@duke.edu
420,0334703,staff@duke.edu
421,0931331,student@duke.edu
422,0965034,staff@duke.edu
423,0955667,staff@duke.edu
424,1122627,staff@duke.edu
425,0824825,staff@duke.edu
426,1170095,staff@duke.edu
427,1077831,student@duke.edu
428,1098883,affiliate@duke.edu
429,1182794,staff@duke.edu
430,0933948,student@duke.edu
431,0940049,student@duke.edu
432,1099371,staff@duke.edu
433,0672314,staff@duke.edu
434,0933970,staff@duke.edu
435,0604778,staff@duke.edu
436,1234590,staff@duke.edu
437,1048302,staff@duke.edu
438,1062943,staff@duke.edu
439,0741479,alumni@duke.edu
440,1118282,staff@duke.edu
441,0860070,staff@duke.edu
442,0875261,staff@duke.edu
443,1171208,staff@duke.edu
444,1021485,staff@duke.edu
445,1124148,staff@duke.edu
446,0966975,staff@duke.edu
447,0610629,staff@duke.edu
448,1176030,student@duke.edu
449,0936265,student@duke.edu
450,0943462,student@duke.edu
451,1258869,staff@duke.edu
452,1251242,staff@duke.edu
453,1237243,staff@duke.edu
454,0980245,staff@duke.edu
455,0864693,student@duke.edu
456,0396508,staff@duke.edu
457,0794108,staff@duke.edu
458,0499387,faculty@duke.edu
459,0085552,faculty@duke.edu
460,1236153,staff@duke.edu
461,1229527,student@duke.edu
462,1097963,student@duke.edu
463,1097555,student@duke.edu
464,0702239,affiliate@duke.edu
465,1200082,staff@duke.edu
466,0869374,student@duke.edu
467,1119519,staff@duke.edu
468,0641822,alumni@duke.edu
469,1060563,faculty@duke.edu
470,1256372,affiliate@duke.edu
471,1249483,staff@duke.edu
472,1197393,student@duke.edu
473,1208077,student@duke.edu
474,1004386,student@duke.edu
475,1096089,staff@duke.edu
476,1013654,student@duke.edu
477,1197365,staff@duke.edu
478,0827418,student@duke.edu
479,1185526,staff@duke.edu
480,0780147,student@duke.edu
481,0598512,staff@duke.edu
482,1091878,student@duke.edu
483,1160780,staff@duke.edu
484,0966204,staff@duke.edu
485,0965763,student@duke.edu
486,1014752,staff@duke.edu
487,0909797,staff@duke.edu
488,1171408,student@duke.edu
489,0969233,staff@duke.edu
490,0802468,student@duke.edu
491,1019010,student@duke.edu
492,1023769,student@duke.edu
493,1079223,student@duke.edu
494,1195412,student@duke.edu
495,1184190,staff@duke.edu
496,0221839,staff@duke.edu
497,1215509,student@duke.edu
498,0556777,student@duke.edu
499,1080890,staff@duke.edu
500,1088574,student@duke.edu
501,1174339,student@duke.edu
502,1174075,staff@duke.edu
503,1021625,student@duke.edu
504,0107690,staff@duke.edu
505,1259293,affiliate@duke.edu
506,1201986,student@duke.edu
507,0969562,staff@duke.edu
508,1172983,staff@duke.edu
509,1119432,staff@duke.edu
510,0672194,staff@duke.edu
511,1079217,student@duke.edu
512,1183726,student@duke.edu
513,1232513,student@duke.edu
514,0949832,affiliate@duke.edu
515,1201847,student@duke.edu
516,1171559,student@duke.edu
517,1097533,staff@duke.edu
518,1041199,student@duke.edu
519,0498740,staff@duke.edu
520,0442997,staff@duke.edu
521,1179619,staff@duke.edu
522,0908391,student@duke.edu
523,1091956,staff@duke.edu
524,1190873,student@duke.edu
525,0936679,student@duke.edu
526,1099350,student@duke.edu
527,1162578,student@duke.edu
528,0962917,staff@duke.edu
529,1201928,student@duke.edu
530,0423599,staff@duke.edu
531,1055103,student@duke.edu
532,0939203,staff@duke.edu
533,0940510,staff@duke.edu
534,1120006,student@duke.edu
535,1182474,staff@duke.edu
536,1175361,staff@duke.edu
537,1035841,student@duke.edu
538,1035190,staff@duke.edu
539,1203765,student@duke.edu
540,1223143,staff@duke.edu
541,1178721,student@duke.edu
542,1232146,student@duke.edu
543,1024179,student@duke.edu
544,1212466,student@duke.edu
545,1218159,student@duke.edu
546,1060878,affiliate@duke.edu
547,1061029,affiliate@duke.edu
548,1199793,student@duke.edu
549,1113737,student@duke.edu
550,1119525,staff@duke.edu
551,1078676,student@duke.edu
552,1218340,student@duke.edu
553,0846508,student@duke.edu
554,1167083,student@duke.edu
555,1018035,staff@duke.edu
556,1176007,staff@duke.edu
557,1171414,staff@duke.edu
558,1115321,staff@duke.edu
559,0647193,student@duke.edu
560,0966752,student
561,0965074,student
562,1095409,student@duke.edu
563,0969525,student@duke.edu
564,1232287,student@duke.edu
565,0693847,faculty@duke.edu
566,1239003,staff@duke.edu
567,1237278,student@duke.edu
568,1096061,student@duke.edu
569,0745738,staff@duke.edu
570,0705821,staff@duke.edu
571,1064705,staff@duke.edu
572,1239389,staff@duke.edu
573,0935142,staff@duke.edu
574,1216613,staff@duke.edu
575,1220985,staff@duke.edu
576,1060308,student@duke.edu
577,1052817,staff@duke.edu
578,0909008,student@duke.edu
579,0967577,alumni@duke.edu
580,1208893,student@duke.edu
581,0960362,student@duke.edu
582,0720745,alumni@duke.edu
583,1209631,student@duke.edu
584,0967326,staff@duke.edu
585,1225461,student@duke.edu
586,1102561,student@duke.edu
587,1174837,student@duke.edu
588,1244178,student@duke.edu
589,1082059,student@duke.edu
590,1204233,student@duke.edu
591,1235650,student@duke.edu
592,1094236,staff@duke.edu
593,0849422,alumni@duke.edu
594,1042666,staff@duke.edu
595,1202951,staff@duke.edu
596,0830012,student@duke.edu
597,1209527,staff@duke.edu
598,0932996,student@duke.edu
599,1219368,student@duke.edu
600,1232981,student@duke.edu
601,1188575,staff@duke.edu
602,1241885,student@duke.edu
603,0742749,student@duke.edu
604,0528675,staff@duke.edu
605,0939642,staff@duke.edu
606,0965174,student
607,1041174,staff@duke.edu
608,1060850,affiliate@duke.edu
609,0966478,student@duke.edu
610,0036508,faculty@duke.edu
611,1179402,student@duke.edu
612,0937405,student
613,1044038,student@duke.edu
614,0742248,alumni@duke.edu
615,0739942,alumni@duke.edu
616,1085794,student@duke.edu
617,0642092,alumni@duke.edu
618,0862910,staff@duke.edu
619,0849541,staff@duke.edu
620,0962530,staff@duke.edu
621,0916824,alumni@duke.edu
622,1203585,student@duke.edu
623,0786727,student@duke.edu
624,1052847,student@duke.edu
625,1230169,student@duke.edu
626,1162112,student@duke.edu
627,1192776,student@duke.edu
628,1060999,affiliate@duke.edu
629,0940770,student@duke.edu
630,1193938,student@duke.edu
631,1188304,staff@duke.edu
632,1108037,student@duke.edu
633,1177513,student@duke.edu
634,0489555,staff@duke.edu
635,1162230,student@duke.edu
636,1237567,staff@duke.edu
637,1077654,staff@duke.edu
638,0917668,staff@duke.edu
639,0748757,staff@duke.edu
640,1111327,staff@duke.edu
641,1107887,staff@duke.edu
642,1054799,student@duke.edu
643,0418259,staff@duke.edu
644,0014309,faculty@duke.edu
645,0575466,staff@duke.edu
646,1181536,student@duke.edu
647,0758755,student@duke.edu
648,1182242,staff@duke.edu
649,0643250,alumni@duke.edu
650,1070638,affiliate@duke.edu
651,1255804,staff@duke.edu
652,0963157,student@duke.edu
653,0807897,staff@duke.edu
654,0300720,faculty@duke.edu
655,0297691,faculty
656,0751950,staff@duke.edu
657,0992203,student@duke.edu
658,1066400,student@duke.edu
659,0934675,student@duke.edu
660,1095406,student@duke.edu
661,0644998,alumni@duke.edu
662,1237583,student@duke.edu
663,1041830,student@duke.edu
664,0968218,alumni@duke.edu
665,0826524,student
666,1068719,staff@duke.edu
667,1036168,staff@duke.edu
668,0899618,alumni@duke.edu
669,1019033,student@duke.edu
670,0950673,student@duke.edu
671,1226301,student@duke.edu
672,1035187,student@duke.edu
673,1040218,staff@duke.edu
674,1227462,student@duke.edu
675,1196366,student@duke.edu
676,1231979,student@duke.edu
677,0967653,student@duke.edu
678,0934321,staff@duke.edu
679,1201871,staff@duke.edu
680,1199773,student@duke.edu
681,0964879,student@duke.edu
682,1200478,student@duke.edu
683,0632327,faculty@duke.edu
684,1168376,staff@duke.edu
685,1241431,student@duke.edu
686,1041503,student@duke.edu
687,1011214,student@duke.edu
688,1116343,student@duke.edu
689,1117252,affiliate@duke.edu
690,1115110,student@duke.edu
691,1117231,student@duke.edu
692,1209853,staff@duke.edu
693,0941230,student@duke.edu
694,1028852,staff@duke.edu
695,1208472,staff@duke.edu
696,1195521,staff@duke.edu
697,1029295,staff@duke.edu
698,0642623,student@duke.edu
699,0580371,staff@duke.edu
700,0933940,student@duke.edu
701,0486649,staff@duke.edu
702,0289145,staff@duke.edu
703,1090495,student@duke.edu
704,1196362,student@duke.edu
705,1231697,student@duke.edu
706,0843421,student@duke.edu
707,0579933,staff@duke.edu
708,1238869,staff@duke.edu
709,1041862,staff@duke.edu
710,1039777,student@duke.edu
711,1068507,student@duke.edu
712,1219612,staff@duke.edu
713,0341135,staff@duke.edu
714,1111585,staff@duke.edu
715,1095343,staff@duke.edu
716,1124267,student@duke.edu
717,1119613,staff@duke.edu
718,1117569,staff@duke.edu
719,1019083,student@duke.edu
720,0839461,staff@duke.edu
721,1214158,student@duke.edu
722,1200886,staff@duke.edu
723,1219075,student@duke.edu
724,1243644,staff@duke.edu
725,0942654,student@duke.edu
726,1254404,staff@duke.edu
727,0809447,staff@duke.edu
728,1068884,student@duke.edu
729,0966683,student@duke.edu
730,0967125,staff@duke.edu
731,1201720,student@duke.edu
732,0936706,staff@duke.edu
733,1227449,student@duke.edu
734,1049053,faculty@duke.edu
735,0966894,student@duke.edu
736,1099479,student@duke.edu
737,1211568,student@duke.edu
738,1095332,staff@duke.edu
739,1232627,student@duke.edu
740,1199744,student@duke.edu
741,1184767,staff@duke.edu
742,1237546,staff@duke.edu
743,1188959,student@duke.edu
744,0382220,faculty@duke.edu
745,1001502,affiliate@duke.edu
746,0019956,alumni@duke.edu
747,1101396,student@duke.edu
748,1075925,alumni@duke.edu
749,1305783,affiliate@duke.edu
750,0861372,student@duke.edu
751,1266292,affiliate@duke.edu
752,0937473,student@duke.edu
753,0968317,student@duke.edu
754,1011350,alumni@duke.edu
755,1182041,student@duke.edu
756,0705669,student@duke.edu
757,0960580,staff@duke.edu
758,0967803,staff@duke.edu
759,1198794,student@duke.edu
760,1188312,student@duke.edu
761,1205721,staff@duke.edu
762,1185970,student@duke.edu
763,1234135,student@duke.edu
764,0966176,student@duke.edu
765,1224706,student@duke.edu
766,1172629,student@duke.edu
767,0830271,alumni@duke.edu
768,1198799,student@duke.edu
769,1045555,staff@duke.edu
770,1118969,student@duke.edu
771,1231590,staff@duke.edu
772,1083072,student@duke.edu
773,1097484,student@duke.edu
774,0933427,staff@duke.edu
775,1021023,staff@duke.edu
776,0965419,staff@duke.edu
777,0828772,alumni@duke.edu
778,1018978,student@duke.edu
779,0601800,alumni@duke.edu
780,1084017,staff@duke.edu
781,0937382,student@duke.edu
782,0962416,student@duke.edu
783,1237686,student@duke.edu
784,0762427,student@duke.edu
785,1207111,student@duke.edu
786,1228962,student@duke.edu
787,1022223,alumni@duke.edu
788,1013850,student@duke.edu
789,1109127,student@duke.edu
790,0596918,staff@duke.edu
791,1036023,student@duke.edu
792,1016624,student@duke.edu
793,0962429,student@duke.edu
794,0949857,staff@duke.edu
795,0966609,staff@duke.edu
796,1122526,alumni@duke.edu
797,1165269,staff@duke.edu
798,1163662,staff@duke.edu
799,1041215,student@duke.edu
800,0902859,alumni@duke.edu
801,0965885,student@duke.edu
802,0873142,staff@duke.edu
803,1288707,staff@duke.edu
804,0721307,faculty@duke.edu
805,0512747,staff@duke.edu
806,1165264,student@duke.edu
807,1184551,affiliate@duke.edu
808,1199550,student@duke.edu
809,1228235,student@duke.edu
810,1211253,student@duke.edu
811,1181160,staff@duke.edu
812,1251940,staff@duke.edu
813,0909035,student@duke.edu
814,1172467,student@duke.edu
815,1293599,affiliate@duke.edu
816,1170176,staff@duke.edu
817,1212853,student@duke.edu
818,1174710,staff@duke.edu
819,1095576,staff@duke.edu
820,1019194,student@duke.edu
821,0922819,staff@duke.edu
822,1166944,student@duke.edu
823,1215316,student@duke.edu
824,0750064,staff@duke.edu
825,0221864,staff@duke.edu
826,1111625,student@duke.edu
827,1176127,staff@duke.edu
828,0637195,staff@duke.edu
829,1016851,student@duke.edu
830,1211868,staff@duke.edu
831,0244733,faculty@duke.edu
832,0970648,student
833,0727870,staff
834,0568713,staff@duke.edu
835,0694183,staff@duke.edu
836,0686231,staff@duke.edu
837,1169517,staff@duke.edu
838,1098760,staff@duke.edu
839,0916509,staff@duke.edu
840,0563625,faculty@duke.edu
841,0933965,staff@duke.edu
842,1188850,staff@duke.edu
843,0288610,staff@duke.edu
844,0646543,affiliate@duke.edu
845,1090766,student@duke.edu
846,0967865,student@duke.edu
847,0747483,staff@duke.edu
848,0970426,staff@duke.edu
849,0933960,student@duke.edu
850,0680262,staff@duke.edu
851,0966846,staff@duke.edu
852,0857543,student@duke.edu
853,1245011,staff@duke.edu
854,0380390,staff@duke.edu
855,1226325,student@duke.edu
856,1085918,student@duke.edu
857,1014036,student@duke.edu
858,1240479,staff@duke.edu
859,0753926,alumni@duke.edu
860,1099173,staff@duke.edu
861,0998669,student@duke.edu
862,0720339,student@duke.edu
863,1036069,student@duke.edu
864,1019070,student@duke.edu
865,1115000,student@duke.edu
866,1117167,student@duke.edu
867,0912319,student@duke.edu
868,1112271,student@duke.edu
869,0967887,student@duke.edu
870,0715935,alumni@duke.edu
871,1189654,staff@duke.edu
872,1039597,student@duke.edu
873,1210771,student@duke.edu
874,1187523,student@duke.edu
875,1111674,staff@duke.edu
876,1085206,student@duke.edu
877,0988818,staff@duke.edu
878,0948704,staff@duke.edu
879,1071905,staff@duke.edu
880,1112443,student@duke.edu
881,0967858,staff@duke.edu
882,1021028,student@duke.edu
883,1199390,staff@duke.edu
884,1211081,student@duke.edu
885,0939208,student@duke.edu
886,1091915,staff@duke.edu
887,1237670,student@duke.edu
888,1012654,staff@duke.edu
889,1022750,staff@duke.edu
890,0936724,staff@duke.edu
891,1109980,staff@duke.edu
892,1014063,staff@duke.edu
893,1073702,alumni@duke.edu
894,1237160,student@duke.edu
895,0588709,staff@duke.edu
896,1066392,staff@duke.edu
897,1232957,student@duke.edu
898,1226299,student@duke.edu
899,1211123,student@duke.edu
900,1162448,staff@duke.edu
901,1068646,student@duke.edu
902,1234050,student@duke.edu
903,0391498,faculty@duke.edu
904,0691433,staff@duke.edu
905,0649071,student@duke.edu
906,0712743,student@duke.edu
907,1062261,student@duke.edu
908,1091913,student@duke.edu
909,1181063,student@duke.edu
910,1118868,student@duke.edu
911,1192334,student@duke.edu
912,1077570,staff@duke.edu
913,0965371,staff@duke.edu
914,1078593,student@duke.edu
915,0204876,staff@duke.edu
916,0902361,staff@duke.edu
917,0219389,staff@duke.edu
918,0515504,staff@duke.edu
919,0114431,staff@duke.edu
920,0671479,alumni@duke.edu
921,0271963,staff@duke.edu
922,1178453,student@duke.edu
923,1095463,staff@duke.edu
924,0893274,staff@duke.edu
925,0646223,student@duke.edu
926,0390214,alumni@duke.edu
927,1064980,staff@duke.edu
928,0910375,student@duke.edu
929,0640482,student@duke.edu
930,0936075,staff@duke.edu
931,1057540,student@duke.edu
932,0935701,staff@duke.edu
933,0097856,staff@duke.edu
934,1185749,student@duke.edu
935,1206956,staff@duke.edu
936,1175485,staff@duke.edu
937,1095969,student@duke.edu
938,1001687,student@duke.edu
939,1097543,student@duke.edu
940,0909522,staff@duke.edu
941,1063460,staff@duke.edu
942,1163772,student@duke.edu
943,1118125,student@duke.edu
944,0841556,staff@duke.edu
945,0694549,staff@duke.edu
946,0966012,staff@duke.edu
947,0967041,student@duke.edu
948,1127104,student@duke.edu
949,1162272,staff@duke.edu
950,1106529,alumni@duke.edu
951,0933920,staff@duke.edu
952,0933006,staff@duke.edu
953,1215185,student@duke.edu
954,1221651,staff@duke.edu
955,0671167,staff@duke.edu
956,1186814,student@duke.edu
957,1203916,staff@duke.edu
958,0474809,student@duke.edu
959,0709835,student@duke.edu
960,1129516,student@duke.edu
961,0960355,student@duke.edu
962,1063036,student@duke.edu
963,1275331,staff@duke.edu
964,1040818,student@duke.edu
965,0518785,staff@duke.edu
966,0550323,staff@duke.edu
967,0936281,staff@duke.edu
968,0887809,student@duke.edu
969,1185391,staff@duke.edu
970,1192302,student@duke.edu
971,0967385,student@duke.edu
972,0842496,staff@duke.edu
973,0852675,student@duke.edu
974,0686773,staff@duke.edu
975,0996112,student@duke.edu
976,1000937,staff@duke.edu
977,1019518,student@duke.edu
978,0559567,alumni@duke.edu
979,1128704,student@duke.edu
980,0970393,student@duke.edu
981,1189369,staff@duke.edu
982,1039784,staff@duke.edu
983,1042431,student@duke.edu
984,1203081,student@duke.edu
985,0965646,student@duke.edu
986,1042395,student@duke.edu
987,1196370,student@duke.edu
988,0855149,alumni@duke.edu
989,1201821,student@duke.edu
990,1013677,student@duke.edu
991,0698618,staff@duke.edu
992,0109910,staff@duke.edu
993,0939624,student@duke.edu
994,0932616,staff@duke.edu
995,1021553,student@duke.edu
996,1166843,student@duke.edu
997,1196929,student@duke.edu
998,0710755,alumni@duke.edu
999,1166710,staff@duke.edu
1000,1016331,student@duke.edu
1001,1123198,staff@duke.edu
1002,0936250,student@duke.edu
1003,1202217,student@duke.edu
1004,1098790,staff@duke.edu
1005,1039635,student@duke.edu
1006,0472045,staff@duke.edu
1007,0933979,staff@duke.edu
1008,1210925,student@duke.edu
1009,1114114,staff@duke.edu
1010,0998585,staff@duke.edu
1011,1116563,staff@duke.edu
1012,1037929,student@duke.edu
1013,1037688,student@duke.edu
1014,1075860,student@duke.edu
1015,1238113,staff@duke.edu
1016,1044965,student@duke.edu
1017,1008664,staff@duke.edu
1018,1192345,student@duke.edu
1019,0737939,alumni@duke.edu
1020,1227810,staff@duke.edu
1021,1083776,student@duke.edu
1022,0007949,staff@duke.edu
1023,1113150,student@duke.edu
1024,0115082,alumni@duke.edu
1025,0960379,student@duke.edu
1026,1228961,student@duke.edu
1027,1074479,student@duke.edu
1028,1200394,staff@duke.edu
1029,1096604,student@duke.edu
1030,1013826,student@duke.edu
1031,0977598,staff@duke.edu
1032,1037473,student@duke.edu
1033,0807305,student@duke.edu
1034,0894672,student@duke.edu
1035,0988620,staff@duke.edu
1036,1179486,student@duke.edu
1037,1201798,student@duke.edu
1038,1128750,student@duke.edu
1039,0837883,student@duke.edu
1040,1223072,staff@duke.edu
1041,1092588,student@duke.edu
1042,0967492,staff@duke.edu
1043,0966387,student@duke.edu
1044,1183811,student@duke.edu
1045,1023771,student@duke.edu
1046,1226287,student@duke.edu
1047,0464380,alumni@duke.edu
1048,1110695,student@duke.edu
1049,1199825,student@duke.edu
1050,1059604,staff@duke.edu
1051,1108449,staff@duke.edu
1052,1166708,student@duke.edu
1053,1254312,staff@duke.edu
1054,1115031,student@duke.edu
1055,1173534,student@duke.edu
1056,0753436,staff@duke.edu
1057,0271094,staff@duke.edu
1058,0935856,staff@duke.edu
1059,0967252,staff@duke.edu
1060,0617298,staff@duke.edu
1061,0705544,staff@duke.edu
1062,0958510,student
1063,1308895,staff@duke.edu
1064,1195388,student@duke.edu
1065,1233607,student@duke.edu
1066,1166167,staff@duke.edu
1067,1041734,staff@duke.edu
1068,1005569,student@duke.edu
1069,1039659,staff@duke.edu
1070,1043510,staff@duke.edu
1071,1095340,student@duke.edu
1072,1018417,student@duke.edu
1073,0761193,staff@duke.edu
1074,0674308,faculty@duke.edu
1075,0678687,alumni@duke.edu
1076,0939216,staff@duke.edu
1077,1180301,staff@duke.edu
1078,1162325,student@duke.edu
1079,1042381,student@duke.edu
1080,1118528,staff@duke.edu
1081,0664387,staff@duke.edu
1082,0853639,student@duke.edu
1083,1298307,staff@duke.edu
1084,0667182,staff@duke.edu
1085,1227809,staff@duke.edu
1086,1093967,student@duke.edu
1087,1055808,student@duke.edu
1088,1252343,staff@duke.edu
1089,1190252,staff@duke.edu
1090,1201455,student@duke.edu
1091,0965880,staff@duke.edu
1092,0962940,staff@duke.edu
1093,1039782,staff@duke.edu
1094,0729188,staff@duke.edu
1095,1055638,staff@duke.edu
1096,1104316,staff@duke.edu
1097,1309393,staff@duke.edu
1098,1302150,staff@duke.edu
1099,1022824,student@duke.edu
1100,1285421,staff@duke.edu
1101,1174262,student@duke.edu
1102,1212333,student@duke.edu
1103,1042835,staff@duke.edu
1104,0309604,staff@duke.edu
1105,0334671,staff@duke.edu
1106,1175457,student@duke.edu
1107,1043135,student@duke.edu
1108,1179777,student@duke.edu
1109,0968724,staff@duke.edu
1110,0695506,staff@duke.edu
1111,0106616,staff@duke.edu
1112,0592868,staff@duke.edu
1113,0690174,staff@duke.edu
1114,0904888,staff@duke.edu
1115,0420724,staff@duke.edu
1116,0741831,staff@duke.edu
1117,0411819,staff@duke.edu
1118,1212931,staff@duke.edu
1119,1048237,staff@duke.edu
1120,0614365,student@duke.edu
1121,1095395,student@duke.edu
1122,0585039,staff@duke.edu
1123,1025191,staff@duke.edu
1124,1271242,staff@duke.edu
1125,1078439,student@duke.edu
1126,0935739,staff@duke.edu
1127,1005196,staff@duke.edu
1128,0109857,staff@duke.edu
1129,0416600,faculty@duke.edu
1130,1273266,staff@duke.edu
1131,1007135,student@duke.edu
1132,0965498,student@duke.edu
1133,0858809,staff@duke.edu
1134,0055136,alumni@duke.edu
1135,1002222,student@duke.edu
1136,0564679,faculty@duke.edu
1137,0757684,staff@duke.edu
1138,1112833,student@duke.edu
1139,1076520,student@duke.edu
1140,0874550,alumni@duke.edu
1141,1243628,staff@duke.edu
1142,0938617,staff@duke.edu
1143,1086734,staff@duke.edu
1144,0707744,alumni@duke.edu
1145,0646400,alumni@duke.edu
1146,1097502,staff@duke.edu
1147,1119536,student@duke.edu
1148,1023290,student@duke.edu
1149,1038346,student@duke.edu
1150,1180696,student@duke.edu
1151,0966898,student@duke.edu
1152,1302060,affiliate@duke.edu
1153,0286364,staff@duke.edu
1154,0894046,staff@duke.edu
1155,0898539,staff@duke.edu
1156,0635141,staff@duke.edu
1157,0996247,staff@duke.edu
1158,1257878,staff@duke.edu
1159,0674723,alumni@duke.edu
1160,0490501,staff@duke.edu
1161,0632465,staff@duke.edu
1162,1274021,staff@duke.edu
1163,0206246,staff@duke.edu
1164,1288771,staff@duke.edu
1165,0948787,staff@duke.edu
1166,0819909,staff@duke.edu
1167,1234174,staff@duke.edu
1168,1181374,student@duke.edu
1169,1261508,staff@duke.edu
1170,1193352,staff@duke.edu
1171,1192648,staff@duke.edu
1172,0935534,student@duke.edu
1173,1187299,student@duke.edu
1174,1033467,alumni@duke.edu
1175,0923058,student@duke.edu
1176,0971684,staff@duke.edu
1177,1199824,student@duke.edu
1178,0476845,alumni@duke.edu
1179,1007918,staff@duke.edu
1180,1177485,student@duke.edu
1181,0676461,staff@duke.edu
1182,1296213,staff@duke.edu
1183,0815234,staff@duke.edu
1184,0042019,staff@duke.edu
1185,0750526,student@duke.edu
1186,0994871,student@duke.edu
1187,1262516,staff@duke.edu
1188,1214217,staff@duke.edu
1189,0795675,staff@duke.edu
1190,1299020,affiliate@duke.edu
1191,1009745,student@duke.edu
1192,1310270,staff@duke.edu
1193,0949385,staff@duke.edu
1194,1198577,student@duke.edu
1195,1234022,student@duke.edu
1196,1098780,staff@duke.edu
1197,1199797,student@duke.edu
1198,0966539,staff@duke.edu
1199,1012714,student@duke.edu
1200,1095989,student@duke.edu
1201,0448642,staff@duke.edu
1202,0902553,student@duke.edu
1203,1196353,student@duke.edu
1204,1279980,staff@duke.edu
1205,0836648,student@duke.edu
1206,1088502,student@duke.edu
1207,1176078,student@duke.edu
1208,0672092,staff@duke.edu
1209,1044971,student@duke.edu
1210,1022809,student@duke.edu
1211,0461825,staff@duke.edu
1212,1185788,staff@duke.edu
1213,0771385,student@duke.edu
1214,1178373,student@duke.edu
1215,0774384,staff@duke.edu
1216,1096009,student@duke.edu
1217,1195393,student@duke.edu
1218,1000765,staff@duke.edu
1219,1091881,student@duke.edu
1220,1023272,student@duke.edu
1221,0828188,student@duke.edu
1222,1187260,staff@duke.edu
1223,1227253,student@duke.edu
1224,0734118,alumni@duke.edu
1225,1025537,staff@duke.edu
1226,1086792,student@duke.edu
1227,0987437,staff@duke.edu
1228,0514740,staff@duke.edu
1229,1317400,staff@duke.edu
1230,1092424,student@duke.edu
1231,0754166,staff@duke.edu
1232,1175453,student@duke.edu
1233,1229487,student@duke.edu
1234,1080757,student@duke.edu
1235,1234124,student@duke.edu
1236,1227979,student@duke.edu
1237,1228984,staff@duke.edu
1238,1118522,student@duke.edu
1239,1037117,staff@duke.edu
1240,1096952,student@duke.edu
1241,1240852,staff@duke.edu
1242,0719247,student@duke.edu
1243,1122300,staff@duke.edu
1244,1014056,student@duke.edu
1245,0982674,student@duke.edu
1246,1039915,student@duke.edu
1247,1023315,student@duke.edu
1248,1227613,student@duke.edu
1249,0776941,alumni@duke.edu
1250,1025812,staff@duke.edu
1251,1032522,student@duke.edu
1252,0959697,student@duke.edu
1253,1201882,student@duke.edu
1254,1045994,student@duke.edu
1255,1023295,student@duke.edu
1256,0896170,staff@duke.edu
1257,1201891,student@duke.edu
1258,1019734,student@duke.edu
1259,0825752,student@duke.edu
1260,1215313,staff@duke.edu
1261,1188135,staff@duke.edu
1262,1180162,student@duke.edu
1263,0850580,staff@duke.edu
1264,0765178,staff@duke.edu
1265,1172944,student@duke.edu
1266,0837210,staff@duke.edu
1267,1223086,student@duke.edu
1268,0892759,staff@duke.edu
1269,1079835,staff@duke.edu
1270,0611058,alumni@duke.edu
1271,0935702,student@duke.edu
1272,1093127,student@duke.edu
1273,1050389,student@duke.edu
1274,1095354,student@duke.edu
1275,1189956,staff@duke.edu
1276,0797357,staff@duke.edu
1277,1079088,affiliate@duke.edu
1278,0937812,student@duke.edu
1279,0937392,student@duke.edu
1280,1234858,student@duke.edu
1281,0437659,faculty@duke.edu
1282,1029925,student@duke.edu
1283,1228745,student@duke.edu
1284,0765851,staff@duke.edu
1285,1227615,student@duke.edu
1286,1065641,student@duke.edu
1287,1178628,student@duke.edu
1288,1023264,student@duke.edu
1289,0934329,student@duke.edu
1290,0940061,student@duke.edu
1291,1228713,student@duke.edu
1292,0482003,staff@duke.edu
1293,1184678,student@duke.edu
1294,1040542,student@duke.edu
1295,1192309,student@duke.edu
1296,1167588,staff@duke.edu
1297,0744388,student@duke.edu
1298,1208576,staff@duke.edu
1299,1172248,staff@duke.edu
1300,1223153,student@duke.edu
1301,1077753,student@duke.edu
1302,1117811,student
1303,0811496,alumni@duke.edu
1304,0934189,student@duke.edu
1305,0763363,student@duke.edu
1306,1169030,staff@duke.edu
1307,1192482,student@duke.edu
1308,1177128,student@duke.edu
1309,1196917,staff@duke.edu
1310,1187526,student@duke.edu
1311,1215197,student@duke.edu
1312,1122367,student@duke.edu
1313,1039207,student@duke.edu
1314,1018950,student@duke.edu
1315,1261935,student@duke.edu
1316,1194258,student@duke.edu
1317,1292466,staff@duke.edu
1318,1036336,staff@duke.edu
1319,1115570,student@duke.edu
1320,1080040,student@duke.edu
1321,0497458,staff@duke.edu
1322,0934708,alumni@duke.edu
1323,1248545,staff@duke.edu
1324,0964641,staff@duke.edu
1325,1298641,staff@duke.edu
1326,1193213,student@duke.edu
1327,0974766,staff@duke.edu
1328,1024201,student@duke.edu
1329,0851117,staff@duke.edu
1330,1178563,student@duke.edu
1331,0949457,student@duke.edu
1332,0934688,staff@duke.edu
1333,0854401,student@duke.edu
1334,0965668,student@duke.edu
1335,1244750,student@duke.edu
1336,1116423,student@duke.edu
1337,0805959,student@duke.edu
1338,1213312,staff@duke.edu
1339,1096074,student@duke.edu
1340,1227258,student@duke.edu
1341,0904338,staff@duke.edu
1342,1117249,student@duke.edu
1343,0962655,student@duke.edu
1344,0970660,student@duke.edu
1345,1071654,student@duke.edu
1346,1100211,student@duke.edu
1347,1002849,student@duke.edu
1348,1165434,staff@duke.edu
1349,1121884,alumni@duke.edu
1350,0979928,student@duke.edu
1351,0334264,faculty@duke.edu
1352,1233977,student@duke.edu
1353,1199058,student@duke.edu
1354,0522405,staff@duke.edu
1355,1216229,student@duke.edu
1356,1041500,student@duke.edu
1357,1120726,student@duke.edu
1358,1196375,staff@duke.edu
1359,1161648,staff@duke.edu
1360,1097870,student@duke.edu
1361,1096068,student@duke.edu
1362,1115522,student@duke.edu
1363,1215312,staff@duke.edu
1364,1129512,student@duke.edu
1365,1234599,student@duke.edu
1366,0689522,staff@duke.edu
1367,1011207,student@duke.edu
1368,1194247,student@duke.edu
1369,1298209,student@duke.edu
1370,0805661,faculty@duke.edu
1371,1192307,student@duke.edu
1372,1171495,student@duke.edu
1373,1244193,student@duke.edu
1374,0741650,staff@duke.edu
1375,1199750,student@duke.edu
1376,1115250,staff@duke.edu
1377,1205891,student@duke.edu
1378,1118743,staff@duke.edu
1379,1228980,student@duke.edu
1380,1234928,student@duke.edu
1381,0780740,student@duke.edu
1382,0932997,staff@duke.edu
1383,1185169,student@duke.edu
1384,1043308,staff@duke.edu
1385,0935247,student@duke.edu
1386,1177173,staff@duke.edu
1387,0373331,staff@duke.edu
1388,0703436,staff@duke.edu
1389,0955486,staff@duke.edu
1390,1053520,staff@duke.edu
1391,1037494,student@duke.edu
1392,0379617,staff@duke.edu
1393,1200165,faculty@duke.edu
1394,1118836,staff@duke.edu
1395,1317259,staff@duke.edu
1396,1169426,staff@duke.edu
1397,1295772,student@duke.edu
1398,1300456,staff@duke.edu
1399,0966500,student@duke.edu
1400,1219134,staff@duke.edu
1401,1185014,student@duke.edu
1402,0727510,staff@duke.edu
1403,1052831,student@duke.edu
1404,1125085,student@duke.edu
1405,1045530,staff@duke.edu
1406,1113138,student@duke.edu
1407,0991339,alumni@duke.edu
1408,0836496,staff@duke.edu
1409,0276645,staff@duke.edu
1410,1230286,staff@duke.edu
1411,1240933,staff@duke.edu
1412,1051626,staff@duke.edu
1413,0955488,alumni@duke.edu
1414,0847741,alumni@duke.edu
1415,0671877,alumni@duke.edu
1416,1127814,faculty@duke.edu
1417,1324819,staff@duke.edu
1418,0453153,staff@duke.edu
1419,1176399,affiliate@duke.edu
1420,0703500,student@duke.edu
1421,0699982,staff@duke.edu
1422,1171661,staff@duke.edu
1423,1106302,staff@duke.edu
1424,0694310,staff@duke.edu
1425,0295430,staff@duke.edu
1426,0998744,alumni@duke.edu
1427,1041053,student@duke.edu
1428,0516549,staff@duke.edu
1429,1160280,faculty@duke.edu
1430,0745824,staff@duke.edu
1431,1242798,staff@duke.edu
1432,1226924,student@duke.edu
1433,0807794,staff@duke.edu
1434,1165751,faculty@duke.edu
1435,1027308,affiliate@duke.edu
1436,0974870,staff@duke.edu
1437,0802766,staff@duke.edu
1438,0068205,alumni@duke.edu
1439,1079211,student@duke.edu
1440,0567613,staff@duke.edu
1441,1176187,student@duke.edu
1442,0987593,faculty@duke.edu
1443,0658076,student@duke.edu
1444,0704255,staff@duke.edu
1445,0420450,staff@duke.edu
1446,0347310,staff@duke.edu
1447,1104203,student@duke.edu
1448,1289816,staff@duke.edu
1449,0377737,staff@duke.edu
1450,1109530,student@duke.edu
1451,1238959,student@duke.edu
1452,0911864,alumni@duke.edu
1453,0225795,staff@duke.edu
1454,0296068,faculty@duke.edu
1455,0912142,staff@duke.edu
1456,1047415,faculty@duke.edu
1457,1116610,student@duke.edu
1458,0549284,staff@duke.edu
1459,1129479,staff@duke.edu
1460,0839726,staff@duke.edu
1461,0286147,staff@duke.edu
1462,0917374,staff@duke.edu
1463,1000658,student@duke.edu
1464,1109280,student@duke.edu
1465,0413378,staff@duke.edu
1466,1088327,staff@duke.edu
1467,0949479,affiliate@duke.edu
1468,1247767,staff@duke.edu
1469,0103614,staff@duke.edu
1470,1079140,staff@duke.edu
1471,1040704,student@duke.edu
1472,0284131,staff@duke.edu
1473,0965743,student@duke.edu
1474,1235599,student@duke.edu
1475,0752608,staff@duke.edu
1476,1006540,student@duke.edu
1477,1088989,student@duke.edu
1478,0833383,affiliate@duke.edu
1479,1203699,affiliate@duke.edu
1480,1105073,student@duke.edu
1481,0808563,affiliate@duke.edu
1482,1055743,affiliate@duke.edu
1483,0951252,student@duke.edu
1484,0703685,alumni@duke.edu
1485,1131061,alumni@duke.edu
1486,1254792,student@duke.edu
1487,1228531,student@duke.edu
1488,1256231,student@duke.edu
1489,1239761,affiliate@duke.edu
1490,1310764,affiliate@duke.edu
1491,1170206,student@duke.edu
1492,0490134,staff@duke.edu
1493,0598868,staff@duke.edu
1494,0222357,staff@duke.edu
1495,1246420,student@duke.edu
1496,0601445,faculty@duke.edu
1497,0569424,staff@duke.edu
1498,1242048,student@duke.edu
1499,1091437,student@duke.edu
1500,0701589,staff@duke.edu
1501,1094465,student@duke.edu
1502,0556015,staff@duke.edu
1503,0315780,staff@duke.edu
1504,1044537,staff@duke.edu
1505,0636464,staff@duke.edu
1506,0453887,staff@duke.edu
1507,0796766,staff@duke.edu
1508,0763284,student@duke.edu
1509,1062319,affiliate@duke.edu
1510,1311008,affiliate@duke.edu
1511,1108292,staff@duke.edu
1512,1003365,student@duke.edu
1513,1044212,student@duke.edu
1514,0904559,staff@duke.edu
1515,0931333,student@duke.edu
1516,0722570,faculty@duke.edu
1517,1032935,staff@duke.edu
1518,0027970,alumni@duke.edu
1519,1249766,staff@duke.edu
1520,1125115,staff@duke.edu
1521,0632245,staff@duke.edu
1522,1040539,student@duke.edu
1523,0379166,faculty@duke.edu
1524,0754118,staff@duke.edu
1525,1013435,staff@duke.edu
1526,0988542,staff@duke.edu
1527,0870195,staff@duke.edu
1528,0997668,student@duke.edu
1529,0301321,faculty@duke.edu
1530,1098343,student@duke.edu
1531,0682206,staff@duke.edu
1532,0467484,staff@duke.edu
1533,0667644,staff@duke.edu
1534,0472043,staff@duke.edu
1535,0374087,faculty@duke.edu
1536,1179718,staff@duke.edu
1537,1259160,staff@duke.edu
1538,1201933,student@duke.edu
1539,1232219,staff@duke.edu
1540,1201438,student
1541,0978411,staff@duke.edu
1542,1232499,student
1543,1229069,student@duke.edu
1544,1199024,staff@duke.edu
1545,1229070,student@duke.edu
1546,1119305,student@duke.edu
1547,1201828,student
1548,1233036,student
1549,1161331,student
1550,1232305,student@duke.edu
1551,1236441,student
1552,1097969,student
1553,1197415,student
1554,0814661,staff
1555,1196959,student
1556,1109253,student
1557,0803487,student@duke.edu
1558,1111684,staff@duke.edu
1559,1192324,student
1560,1270928,student@duke.edu
1561,1314366,student@duke.edu
1562,1195371,student@duke.edu
1563,1081634,student@duke.edu
1564,1111587,student@duke.edu
1565,1237883,staff@duke.edu
1566,1118926,student@duke.edu
1567,1265956,student@duke.edu
1568,0388683,alumni@duke.edu
1569,1270739,student@duke.edu
1570,1161939,affiliate@duke.edu
1571,1243700,staff@duke.edu
1572,1255970,student@duke.edu
1573,0109523,staff@duke.edu
1574,1307719,student@duke.edu
1575,1301555,student@duke.edu
1576,1109130,student@duke.edu
1577,1282972,student@duke.edu
1578,1267005,student@duke.edu
1579,1300092,student@duke.edu
1580,1297100,student@duke.edu
1581,0992384,staff@duke.edu
1582,1258590,student@duke.edu
1583,1260063,student@duke.edu
1584,1291759,student@duke.edu
1585,1272594,student@duke.edu
1586,1233639,student@duke.edu
1587,1197379,student@duke.edu
1588,1199781,student@duke.edu
1589,1120716,student@duke.edu
1590,1096053,student
1591,1238178,student@duke.edu
1592,1234491,staff@duke.edu
1593,1118877,student@duke.edu
1594,1120280,student
1595,1116716,affiliate@duke.edu
1596,1096005,student
1597,1111895,student@duke.edu
1598,1237878,student
1599,1232973,student@duke.edu
1600,1042896,staff@duke.edu
1601,1111386,faculty@duke.edu
1602,1035729,staff@duke.edu
1603,1069843,student@duke.edu
1604,1264751,affiliate@duke.edu
1605,0935192,staff@duke.edu
1606,0996084,student@duke.edu
1607,1263694,student@duke.edu
1608,1231480,student@duke.edu
1609,1095387,student@duke.edu
1610,1120239,staff@duke.edu
1611,1035683,alumni@duke.edu
1612,1069814,alumni@duke.edu
1613,1262831,student@duke.edu
1614,1175476,staff@duke.edu
1615,1112858,student@duke.edu
1616,1122692,staff@duke.edu
1617,1251630,staff@duke.edu
1618,1263974,student@duke.edu
1619,1242036,affiliate@duke.edu
1620,1260299,student@duke.edu
1621,1257365,student@duke.edu
1622,1028419,staff@duke.edu
1623,1194317,student@duke.edu
1624,0468358,staff@duke.edu
1625,0317789,staff@duke.edu
1626,1299808,student@duke.edu
1627,0720074,staff@duke.edu
1628,0230503,staff@duke.edu
1629,1312374,student@duke.edu
1630,1029765,alumni@duke.edu
1631,0729289,staff@duke.edu
1632,1188555,student@duke.edu
1633,1197389,staff@duke.edu
1634,1196514,student@duke.edu
1635,0978293,staff@duke.edu
1636,1301189,student@duke.edu
1637,0941601,student@duke.edu
1638,1294739,staff@duke.edu
1639,1255521,staff@duke.edu
1640,1305794,student@duke.edu
1641,1317519,student@duke.edu
1642,0571866,staff@duke.edu
1643,1227461,student@duke.edu
1644,1262094,student@duke.edu
1645,1243919,faculty@duke.edu
1646,0671519,student@duke.edu
1647,0877269,student@duke.edu
1648,0752542,staff@duke.edu
1649,0644385,alumni@duke.edu
1650,1257670,student@duke.edu
1651,1064822,student@duke.edu
1652,0657238,student@duke.edu
1653,0840391,student@duke.edu
1654,0727269,staff@duke.edu
1655,0896983,staff@duke.edu
1656,0938517,staff@duke.edu
1657,0938620,student@duke.edu
1658,1197422,staff@duke.edu
1659,0939221,student@duke.edu
1660,1009938,staff@duke.edu
1661,1268470,student@duke.edu
1662,1267852,student@duke.edu
1663,1338063,affiliate@duke.edu
1664,1332075,student@duke.edu
1665,1065524,staff@duke.edu
1666,1016476,staff@duke.edu
1667,1118435,student@duke.edu
1668,0042078,alumni@duke.edu
1669,0870211,student@duke.edu
1670,1297077,student@duke.edu
1671,1303641,student@duke.edu
1672,1124898,affiliate@duke.edu
1673,0584902,alumni@duke.edu
1674,0510871,alumni@duke.edu
1675,1284326,student@duke.edu
1676,1259263,student@duke.edu
1677,1296249,student@duke.edu
1678,1319268,student@duke.edu
1679,1321848,student@duke.edu
1680,1277077,student@duke.edu
1681,1231316,staff@duke.edu
1682,1295637,student@duke.edu
1683,1279324,student@duke.edu
1684,1024177,student@duke.edu
1685,1078808,student@duke.edu
1686,1120658,student@duke.edu
1687,0716173,staff@duke.edu
1688,1116462,student@duke.edu
1689,1308184,student@duke.edu
1690,0699317,staff@duke.edu
1691,1055959,affiliate@duke.edu
1692,1303579,student@duke.edu
1693,1242070,student@duke.edu
1694,0695216,staff@duke.edu
1695,1265437,student@duke.edu
1696,1271473,student@duke.edu
1697,1192220,student@duke.edu
1698,1317074,staff@duke.edu
1699,1312017,student@duke.edu
1700,1292831,student@duke.edu
1701,0108607,staff@duke.edu
1702,1298606,student@duke.edu
1703,0756777,alumni@duke.edu
1704,1291265,student@duke.edu
1705,1266627,student@duke.edu
1706,1258034,student@duke.edu
1707,1304744,student@duke.edu
1708,1312773,student@duke.edu
1709,1329672,student@duke.edu
1710,1278180,student@duke.edu
1711,1278418,student@duke.edu
1712,1333228,student@duke.edu
1713,1270410,student@duke.edu
1714,1177443,staff@duke.edu
1715,1256154,student@duke.edu
1716,1340982,staff@duke.edu
1717,1184520,student@duke.edu
1718,1270256,student@duke.edu
1719,0103801,staff@duke.edu
1720,0696918,faculty@duke.edu
1721,1279111,student@duke.edu
1722,1313913,student@duke.edu
1723,1318792,student@duke.edu
1724,1190845,student@duke.edu
1725,1275330,student@duke.edu
1726,0834758,staff@duke.edu
1727,1302260,student@duke.edu
1728,1291738,student@duke.edu
1729,0747651,alumni@duke.edu
1730,1332111,student@duke.edu
1731,1116566,student@duke.edu
1732,1257831,student@duke.edu
1733,0496330,staff@duke.edu
1734,1324495,student@duke.edu
1735,1252711,student@duke.edu
1736,0709348,student@duke.edu
1737,1302368,student@duke.edu
1738,1270114,student@duke.edu
1739,1303943,student@duke.edu
1740,0238297,alumni@duke.edu
1741,1333270,affiliate@duke.edu
1742,1208916,student@duke.edu
1743,1063278,staff@duke.edu
1744,0650516,staff@duke.edu
1745,1188229,staff@duke.edu
1746,1287283,student@duke.edu
1747,1187705,student@duke.edu
1748,1006697,student@duke.edu
1749,1285520,student@duke.edu
1750,1103170,student@duke.edu
1751,1063593,staff@duke.edu
1752,1327898,faculty@duke.edu
1753,0468609,faculty@duke.edu
1754,1313196,student@duke.edu
1755,1341577,student@duke.edu
1756,1200778,staff@duke.edu
1757,1322783,student@duke.edu
1758,1337434,student@duke.edu
1759,1044802,student@duke.edu
1760,0409180,affiliate@duke.edu
1761,1310712,student@duke.edu
1762,1346372,affiliate@duke.edu
1763,0602954,staff@duke.edu
1764,1291764,staff@duke.edu
1765,1298364,student@duke.edu
1766,0100363,staff@duke.edu
1767,1333200,faculty@duke.edu
1768,1343105,student@duke.edu
1769,1306903,student@duke.edu
1770,1094118,staff@duke.edu
1771,0708091,student@duke.edu
1772,1277129,student@duke.edu
1773,0633396,staff@duke.edu
1774,0969212,student@duke.edu
1775,1162614,staff@duke.edu
1776,1266570,student@duke.edu
1777,0931891,faculty@duke.edu
1778,0959666,alumni@duke.edu
1779,0389225,staff@duke.edu
1780,0101244,staff@duke.edu
1781,1345429,affiliate@duke.edu
1782,1016226,student@duke.edu
1783,0945719,staff@duke.edu
1784,1261428,student@duke.edu
1785,0448305,staff@duke.edu
1786,1281799,student@duke.edu
1787,1314775,student@duke.edu
1788,1272418,student@duke.edu
1789,1214953,student@duke.edu
1790,1340095,student@duke.edu
1791,1176505,student@duke.edu
1792,1261464,student@duke.edu
1793,1021008,student@duke.edu
1794,1266797,student@duke.edu
1795,1093863,student@duke.edu
1796,1282300,student@duke.edu
1797,1217973,affiliate@duke.edu
1798,0559518,alumni@duke.edu
1799,0967637,alumni@duke.edu
1800,1343184,staff@duke.edu
1801,1280630,staff@duke.edu
1802,0883877,student@duke.edu
1803,1201953,student@duke.edu
1804,1001771,staff@duke.edu
1805,1328998,student@duke.edu
1806,0973100,student@duke.edu
1807,1248677,staff@duke.edu
1808,1281984,student@duke.edu
1809,1263553,student@duke.edu
1810,0707554,student@duke.edu
1811,0742849,staff@duke.edu
1812,0412781,staff@duke.edu
1813,0626008,staff@duke.edu
1814,1038932,student@duke.edu
1815,1011997,staff@duke.edu
1816,1271211,student@duke.edu
1817,0105676,alumni@duke.edu
1818,1262064,student@duke.edu
1819,1311039,staff@duke.edu
1820,0981108,student@duke.edu
1821,1123203,student@duke.edu
1822,0761957,student@duke.edu
1823,1278490,student@duke.edu
1824,0649505,student@duke.edu
1825,1180194,staff@duke.edu
1826,1239505,staff@duke.edu
1827,1051770,faculty@duke.edu
1828,0720985,student@duke.edu
1829,1091941,student@duke.edu
1830,1019044,student@duke.edu
1831,1319587,student@duke.edu
1832,0729320,staff@duke.edu
1833,0269829,staff@duke.edu
1834,1018411,student@duke.edu
1835,0948341,staff@duke.edu
1836,1000718,staff@duke.edu
1837,1122398,student@duke.edu
1838,0381695,staff@duke.edu
1839,0909042,alumni@duke.edu
1840,0720386,alumni@duke.edu
1841,0951232,affiliate@duke.edu
1842,1292700,staff@duke.edu
1843,1126308,affiliate@duke.edu
1844,1039290,staff@duke.edu
1845,0504570,affiliate@duke.edu
1846,1259871,student@duke.edu
1847,0963325,student@duke.edu
1848,0722842,staff@duke.edu
1849,0674239,student@duke.edu
1850,1037824,student@duke.edu
1851,1328985,student@duke.edu
1852,1181254,student@duke.edu
1853,1328987,student@duke.edu
1854,1052135,faculty@duke.edu
1855,0885099,staff@duke.edu
1856,0824551,staff@duke.edu
1857,1291524,student@duke.edu
1858,0658593,student@duke.edu
1859,0596409,student@duke.edu
1860,0918227,staff@duke.edu
1861,1108839,student@duke.edu
1862,0267844,alumni@duke.edu
1863,1283294,student@duke.edu
1864,0751965,student@duke.edu
1865,0933040,staff@duke.edu
1866,1278544,student@duke.edu
1867,1043285,student@duke.edu
1868,1097033,student@duke.edu
1869,0308207,faculty@duke.edu
1870,1280867,student@duke.edu
1871,1087077,alumni@duke.edu
1872,1112413,student@duke.edu
1873,0934614,student@duke.edu
1874,0277045,faculty@duke.edu
1875,1262493,student@duke.edu
1876,1116369,student@duke.edu
1877,1309180,student@duke.edu
1878,1194391,staff@duke.edu
1879,1162036,affiliate@duke.edu
1880,1324088,student@duke.edu
1881,1249285,student@duke.edu
1882,1261371,student@duke.edu
1883,1095352,student@duke.edu
1884,1043763,student@duke.edu
1885,0124189,faculty@duke.edu
1886,1343087,staff@duke.edu
1887,1045561,staff@duke.edu
1888,1311054,staff@duke.edu
1889,1261884,student@duke.edu
1890,1095965,staff@duke.edu
1891,1237065,student@duke.edu
1892,1200869,student@duke.edu
1893,1260768,student@duke.edu
1894,1269744,student@duke.edu
1895,1034734,student@duke.edu
1896,1288038,student@duke.edu
1897,1338321,staff@duke.edu
1898,0675288,staff@duke.edu
1899,1337990,staff@duke.edu
1900,1068016,student@duke.edu
1901,1233633,student@duke.edu
1902,1187027,staff@duke.edu
1903,1316099,student@duke.edu
1904,1303833,student@duke.edu
1905,1258781,staff@duke.edu
1906,1280329,student@duke.edu
1907,0798453,staff@duke.edu
1908,1233397,staff@duke.edu
1909,0674921,student@duke.edu
1910,1295994,student@duke.edu
1911,1013553,student@duke.edu
1912,1294327,student@duke.edu
1913,1240636,staff@duke.edu
1914,1272739,student@duke.edu
1915,0714236,alumni@duke.edu
1916,1255908,student@duke.edu
1917,1023245,alumni@duke.edu
1918,1052741,faculty@duke.edu
1919,1119828,student@duke.edu
1920,1010831,student@duke.edu
1921,1175170,student@duke.edu
1922,1236109,student@duke.edu
1923,1116348,student@duke.edu
1924,1272968,student@duke.edu
1925,1289051,staff@duke.edu
1926,1261495,student@duke.edu
1927,0912718,alumni@duke.edu
1928,1297082,student@duke.edu
1929,1301589,student@duke.edu
1930,1342304,staff@duke.edu
1931,1111595,student@duke.edu
1932,1258720,staff@duke.edu
1933,1286772,student@duke.edu
1934,1099472,student@duke.edu
1935,1310904,student@duke.edu
1936,1314928,student@duke.edu
1937,0806257,student@duke.edu
1938,1178998,student@duke.edu
1939,0414450,staff@duke.edu
1940,0703504,staff@duke.edu
1941,1317814,student@duke.edu
1942,1167127,staff@duke.edu
1943,0675756,staff@duke.edu
1944,1323096,student@duke.edu
1945,0309017,faculty@duke.edu
1946,1316475,student@duke.edu
1947,1292375,student@duke.edu
1948,1078774,student@duke.edu
1949,1292883,student@duke.edu
1950,1292844,student@duke.edu
1951,1319182,student@duke.edu
1952,1174255,staff@duke.edu
1953,1180106,staff@duke.edu
1954,1117751,staff@duke.edu
1955,1096040,student@duke.edu
1956,1269812,student@duke.edu
1957,1292885,student@duke.edu
1958,1253769,staff@duke.edu
1959,1296822,student@duke.edu
1960,1316989,student@duke.edu
1961,1294819,student@duke.edu
1962,1161961,student@duke.edu
1963,1002256,student@duke.edu
1964,1294058,student@duke.edu
1965,0828076,alumni@duke.edu
1966,1112260,student@duke.edu
1967,1101782,staff@duke.edu
1968,1232695,staff@duke.edu
1969,1291160,student@duke.edu
1970,1324256,student@duke.edu
1971,1270683,student@duke.edu
1972,1081642,student@duke.edu
1973,1279217,student@duke.edu
1974,1180186,student@duke.edu
1975,1182797,student@duke.edu
1976,1344522,affiliate@duke.edu
1977,1344566,affiliate@duke.edu
1978,1161926,student@duke.edu
1979,1170362,staff@duke.edu
1980,1085623,student@duke.edu
1981,0961820,student@duke.edu
1982,0809044,staff@duke.edu
1983,1323235,student@duke.edu
1984,1293613,student@duke.edu
1985,1197367,staff@duke.edu
1986,0955947,alumni@duke.edu
1987,1343910,staff@duke.edu
1988,0885761,affiliate@duke.edu
1989,0806926,student@duke.edu
1990,0645793,student@duke.edu
1991,0933461,student@duke.edu
1992,0587047,staff@duke.edu
1993,0823456,staff@duke.edu
1994,1239202,staff@duke.edu
1995,0902655,staff@duke.edu
1996,0990855,alumni@duke.edu
1997,1240653,staff@duke.edu
1998,1170142,student@duke.edu
1999,1291474,student@duke.edu
2000,1268705,student@duke.edu
2001,1347858,faculty@duke.edu
2002,0824499,alumni@duke.edu
2003,0670991,alumni@duke.edu
2004,0841312,staff@duke.edu
2005,1309853,student@duke.edu
2006,0807181,staff@duke.edu
2007,1303126,student@duke.edu
2008,1020956,student@duke.edu
2009,1023277,student@duke.edu
2010,1085259,student@duke.edu
2011,0996961,alumni@duke.edu
2012,1232904,student@duke.edu
2013,1273149,student@duke.edu
2014,1114375,student@duke.edu
2015,1111402,staff@duke.edu
2016,0812584,affiliate@duke.edu
2017,1340705,student@duke.edu
2018,1296088,student@duke.edu
2019,1308399,student@duke.edu
2020,1305753,student@duke.edu
2021,1257664,student@duke.edu
2022,1320822,student@duke.edu
2023,1285789,student@duke.edu
2024,0965489,staff@duke.edu
2025,1235986,student@duke.edu
2026,1200352,student@duke.edu
2027,1205796,student@duke.edu
2028,1267714,student@duke.edu
2029,1014891,student@duke.edu
2030,1201888,staff@duke.edu
2031,1281269,student@duke.edu
2032,1207973,student@duke.edu
2033,1114281,affiliate@duke.edu
2034,1086499,affiliate@duke.edu
2035,1275116,student@duke.edu
2036,1264402,student@duke.edu
2037,1000122820,staff@duke.edu
2038,1097883,student@duke.edu
2039,1167749,staff@duke.edu
2040,1077614,staff@duke.edu
2041,1073500,student@duke.edu
2042,1091896,student@duke.edu
2043,1091903,student@duke.edu
2044,1264879,student@duke.edu
2045,1120686,staff@duke.edu
2046,1292848,student@duke.edu
2047,1193916,student@duke.edu
2048,0170509,staff@duke.edu
2049,1190689,student@duke.edu
2050,1001430,student@duke.edu
2051,1161858,affiliate@duke.edu
2052,1097553,student@duke.edu
2053,1012412,student@duke.edu
2054,1313559,student@duke.edu
2055,1214271,student@duke.edu
2056,1172606,student@duke.edu
2057,1255098,student@duke.edu
2058,0766516,staff@duke.edu
2059,0804861,faculty@duke.edu
2060,1235306,student@duke.edu
2061,1326467,staff@duke.edu
2062,1022423,staff@duke.edu
2063,1192197,staff@duke.edu
2064,1335263,staff@duke.edu
2065,1171164,student@duke.edu
2066,1313714,student@duke.edu
2067,1225465,student@duke.edu
2068,1329022,affiliate@duke.edu
2069,1313753,student@duke.edu
2070,1313718,student@duke.edu
2071,1119037,student@duke.edu
2072,1286976,student@duke.edu
2073,0820487,staff@duke.edu
2074,1291180,student@duke.edu
2075,1345902,staff@duke.edu
2076,1348707,staff@duke.edu
2077,1196386,student@duke.edu
2078,1348583,staff@duke.edu
2079,1296382,student@duke.edu
2080,1319329,student@duke.edu
2081,1320005,staff@duke.edu
2082,1227442,student@duke.edu
2083,1120409,student@duke.edu
2084,1088670,student@duke.edu
2085,1259901,student@duke.edu
2086,1285419,student@duke.edu
2087,0729961,staff@duke.edu
2088,0956152,student@duke.edu
2089,1228629,staff@duke.edu
2090,1201893,staff@duke.edu
2091,1291146,student@duke.edu
2092,1197371,student@duke.edu
2093,1057366,staff@duke.edu
2094,0951288,alumni@duke.edu
2095,1199739,student@duke.edu
2096,1187015,staff@duke.edu
2097,0750777,alumni@duke.edu
2098,0885087,staff@duke.edu
2099,0841883,alumni@duke.edu
2100,1203535,student@duke.edu
2101,0271264,staff@duke.edu
2102,0319122,staff@duke.edu
2103,1300790,student@duke.edu
2104,0697904,staff@duke.edu
2105,0720367,student@duke.edu
2106,1199037,staff@duke.edu
2107,1130200,faculty@duke.edu
2108,0685044,staff@duke.edu
2109,1268408,student@duke.edu
2110,1346925,staff@duke.edu
2111,1324263,student
2112,1222957,student@duke.edu
2113,0512326,faculty@duke.edu
2114,1015249,student@duke.edu
2115,0965855,student@duke.edu
2116,1270341,student@duke.edu
2117,1111557,student@duke.edu
2118,1097525,student@duke.edu
2119,1023291,staff@duke.edu
2120,1317086,student@duke.edu
2121,1322867,student@duke.edu
2122,1182505,student@duke.edu
2123,1247046,student@duke.edu
2124,0454779,faculty@duke.edu
2125,1292866,student@duke.edu
2126,0627779,student@duke.edu
2127,1287049,staff@duke.edu
2128,0445981,staff@duke.edu
2129,0837621,student@duke.edu
2130,0735637,alumni@duke.edu
2131,0837809,staff@duke.edu
2132,1317866,student@duke.edu
2133,1272038,staff@duke.edu
2134,1065438,student@duke.edu
2135,1281451,student@duke.edu
2136,1263146,student@duke.edu
2137,1041569,student@duke.edu
2138,1328990,student@duke.edu
2139,1313789,student@duke.edu
2140,1077125,student@duke.edu
2141,1104633,student@duke.edu
2142,1065926,student@duke.edu
2143,0659306,student@duke.edu
2144,1097536,student@duke.edu
2145,1023266,staff@duke.edu
2146,1120298,student@duke.edu
2147,1045850,student@duke.edu
2148,1191146,student@duke.edu
2149,1202207,staff@duke.edu
2150,1328991,student@duke.edu
2151,1077038,student@duke.edu
2152,1019078,student@duke.edu
2153,1328995,student@duke.edu
2154,1319044,student@duke.edu
2155,0871818,student@duke.edu
2156,1294092,student@duke.edu
2157,0671840,faculty@duke.edu
2158,1161878,affiliate@duke.edu
2159,1323253,student@duke.edu
2160,1322909,student@duke.edu
2161,1161993,student@duke.edu
2162,1161841,affiliate@duke.edu
2163,1042758,staff@duke.edu
2164,1322422,student@duke.edu
2165,1108365,staff@duke.edu
2166,1320912,student@duke.edu
2167,1322721,student@duke.edu
2168,1004839,student@duke.edu
2169,1161940,affiliate@duke.edu
2170,1041309,student@duke.edu
2171,1306832,student@duke.edu
2172,0269600,staff@duke.edu
2173,1318136,student@duke.edu
2174,1041755,student@duke.edu
2175,1200357,affiliate@duke.edu
2176,1093836,student@duke.edu
2177,1320483,student@duke.edu
2178,1078097,student@duke.edu
2179,0970427,student@duke.edu
2180,1288115,staff@duke.edu
2181,1285445,staff@duke.edu
2182,1270116,affiliate@duke.edu
2183,1162063,affiliate@duke.edu
2184,1019752,staff@duke.edu
2185,1280420,student@duke.edu
2186,1187404,student@duke.edu
2187,1024162,student@duke.edu
2188,1294845,student@duke.edu
2189,1247352,student@duke.edu
2190,1316930,student@duke.edu
2191,1302357,staff@duke.edu
2192,1319214,staff@duke.edu
2193,1294076,staff@duke.edu
2194,0840653,staff@duke.edu
2195,1226663,student@duke.edu
2196,1298524,student@duke.edu
2197,0644963,staff@duke.edu
2198,1038591,student@duke.edu
2199,1041727,staff@duke.edu
2200,0904936,student@duke.edu
2201,1319224,student@duke.edu
2202,1320456,student@duke.edu
2203,1321447,student@duke.edu
2204,1334223,staff@duke.edu
2205,1096603,student@duke.edu
2206,1003838,student@duke.edu
2207,1164423,student@duke.edu
2208,0616663,student@duke.edu
2209,1233348,student@duke.edu
2210,1322720,student@duke.edu
2211,0446072,staff@duke.edu
2212,1337721,staff@duke.edu
2213,1260111,student@duke.edu
2214,1287308,student@duke.edu
2215,1042958,student@duke.edu
2216,1041011,staff@duke.edu
2217,1228561,staff@duke.edu
2218,1093868,student@duke.edu
2219,1298200,staff@duke.edu
2220,1312935,staff@duke.edu
2221,1306482,student@duke.edu
2222,1037769,student@duke.edu
2223,0771941,staff@duke.edu
2224,1237050,student@duke.edu
2225,0746249,staff@duke.edu
2226,1281969,staff@duke.edu
2227,1181476,staff@duke.edu
2228,1219060,staff@duke.edu
2229,1294087,student@duke.edu
2230,1292403,staff@duke.edu
2231,1118245,student@duke.edu
2232,1043683,student@duke.edu
2233,1117856,student@duke.edu
2234,0939486,staff@duke.edu
2235,1296417,student@duke.edu
2236,1274755,student@duke.edu
2237,0427961,staff@duke.edu
2238,1271192,student@duke.edu
2239,1042432,student@duke.edu
2240,1202415,staff@duke.edu
2241,0757350,staff@duke.edu
2242,0797189,student@duke.edu
2243,1317983,student@duke.edu
2244,1113126,student@duke.edu
2245,1352954,staff@duke.edu
2246,1322039,student@duke.edu
2247,0995380,staff@duke.edu
2248,0740730,student@duke.edu
2249,1342496,staff@duke.edu
2250,1185506,student@duke.edu
2251,0978333,student@duke.edu
2252,0776566,student@duke.edu
2253,1002931,staff@duke.edu
2254,1287073,student@duke.edu
2255,0583225,staff@duke.edu
2256,0720277,student@duke.edu
2257,1322058,student@duke.edu
2258,1081455,student@duke.edu
2259,0612487,faculty@duke.edu
2260,1063012,student@duke.edu
2261,1162070,student@duke.edu
2262,1309850,student@duke.edu
2263,0922826,student@duke.edu
2264,1262107,student@duke.edu
2265,1123233,student@duke.edu
2266,1312508,student@duke.edu
2267,1279201,student@duke.edu
2268,1022795,staff@duke.edu
2269,1320599,student@duke.edu
2270,0934366,alumni@duke.edu
2271,1305715,staff@duke.edu
2272,1287852,student@duke.edu
2273,0839169,student@duke.edu
2274,1277421,student@duke.edu
2275,1016645,student@duke.edu
2276,1325376,student@duke.edu
2277,1201443,student@duke.edu
2278,0382447,staff@duke.edu
2279,0950277,student@duke.edu
2280,1161196,student@duke.edu
2281,1187908,student
2282,1283992,staff@duke.edu
2283,1232609,student@duke.edu
2284,1319764,student@duke.edu
2285,1093848,student@duke.edu
2286,0919757,staff@duke.edu
2287,1160629,student@duke.edu
2288,1228966,student@duke.edu
2289,0918840,staff@duke.edu
2290,1161911,affiliate@duke.edu
2291,1193864,staff@duke.edu
2292,0948293,student@duke.edu
2293,0630325,staff@duke.edu
2294,0732143,staff@duke.edu
2295,0716922,staff@duke.edu
2296,0104124,alumni@duke.edu
2297,1302905,staff@duke.edu
2298,0490159,faculty@duke.edu
2299,1285472,student@duke.edu
2300,1313522,student@duke.edu
2301,0877838,staff@duke.edu
2302,1313686,student@duke.edu
2303,0331418,staff@duke.edu
2304,0005642,alumni@duke.edu
2305,0717330,student@duke.edu
2306,1297220,staff@duke.edu
2307,1313731,student@duke.edu
2308,1028183,student@duke.edu
2309,0472042,staff@duke.edu
2310,0669529,staff@duke.edu
2311,0946978,staff@duke.edu
2312,0485983,staff@duke.edu
2313,0730449,staff@duke.edu
2314,1243870,staff@duke.edu
2315,1176392,staff@duke.edu
2316,1284158,staff@duke.edu
2317,0978642,student@duke.edu
2318,1187511,staff@duke.edu
2319,0997841,staff@duke.edu
2320,1205219,student@duke.edu
2321,1071833,staff@duke.edu
2322,1162942,staff@duke.edu
2323,1298855,student@duke.edu
2324,1293535,student@duke.edu
2325,1023715,student@duke.edu
2326,1184055,student@duke.edu
2327,1275885,student@duke.edu
2328,0707492,staff@duke.edu
2329,1092958,staff@duke.edu
2330,1319381,staff@duke.edu
2331,1306224,student@duke.edu
2332,1282909,student@duke.edu
2333,1302329,student@duke.edu
2334,1310740,student@duke.edu
2335,0242684,staff@duke.edu
2336,0852592,alumni@duke.edu
2337,1340363,staff@duke.edu
2338,1022772,student@duke.edu
2339,1195408,staff@duke.edu
2340,0938744,student@duke.edu
2341,1038883,staff@duke.edu
2342,1021629,student@duke.edu
2343,1041542,student@duke.edu
2344,0859839,staff@duke.edu
2345,1332577,faculty@duke.edu
2346,1270231,student@duke.edu
2347,1270058,student@duke.edu
2348,1097508,student@duke.edu
2349,1113446,student@duke.edu
2350,1316999,student@duke.edu
2351,1243290,student@duke.edu
2352,1311589,student@duke.edu
2353,1321454,student@duke.edu
2354,1334847,staff@duke.edu
2355,1021037,student@duke.edu
2356,0913760,staff@duke.edu
2357,1294473,staff@duke.edu
2358,1119358,staff@duke.edu
2359,1321410,student@duke.edu
2360,1264244,staff@duke.edu
2361,1233651,student@duke.edu
2362,1285115,student@duke.edu
2363,0950542,student@duke.edu
2364,1321004,student@duke.edu
2365,1271912,student@duke.edu
2366,1292857,student@duke.edu
2367,1313780,student@duke.edu
2368,1320492,student@duke.edu
2369,1323981,student@duke.edu
2370,1266131,student@duke.edu
2371,1021518,student@duke.edu
2372,0936686,affiliate@duke.edu
2373,1045590,student@duke.edu
2374,0967161,student@duke.edu
2375,1021578,staff@duke.edu
2376,0915996,affiliate@duke.edu
2377,1346899,affiliate@duke.edu
2378,0585201,staff@duke.edu
2379,1337340,staff@duke.edu
2380,1272050,staff@duke.edu
2381,1271348,student@duke.edu
2382,1208803,staff@duke.edu
2383,1187020,student@duke.edu
2384,1179590,student@duke.edu
2385,1291132,student@duke.edu
2386,1169528,student@duke.edu
2387,1278017,student@duke.edu
2388,0933575,staff@duke.edu
2389,0269456,staff@duke.edu
2390,1227248,student
2391,1299182,student@duke.edu
2392,1226612,staff@duke.edu
2393,1173679,staff@duke.edu
2394,1023712,staff@duke.edu
2395,0823816,alumni@duke.edu
2396,1313638,student@duke.edu
2397,1078175,staff@duke.edu
2398,1037392,staff@duke.edu
2399,0267475,faculty@duke.edu
2400,0622076,staff@duke.edu
2401,0638770,affiliate@duke.edu
2402,1323144,student@duke.edu
2403,1168640,staff@duke.edu
2404,1241905,student@duke.edu
2405,1300596,student@duke.edu
2406,0053010,alumni@duke.edu
2407,0598913,faculty@duke.edu
2408,1044666,staff@duke.edu
2409,0975974,student@duke.edu
2410,0912799,staff@duke.edu
2411,1161917,affiliate@duke.edu
2412,1174600,student@duke.edu
2413,1288725,staff@duke.edu
2414,1273032,student@duke.edu
2415,1322010,student@duke.edu
2416,1162023,affiliate@duke.edu
2417,0332020,staff@duke.edu
2418,0949070,student@duke.edu
2419,1323461,student@duke.edu
2420,0635185,staff@duke.edu
2421,1021026,student@duke.edu
2422,0593584,alumni@duke.edu
2423,1172683,student@duke.edu
2424,1023726,staff@duke.edu
2425,0232591,alumni@duke.edu
2426,1264620,student@duke.edu
2427,0877057,student@duke.edu
2428,0811094,student@duke.edu
2429,1295694,student@duke.edu
2430,0488379,staff@duke.edu
2431,0227376,student@duke.edu
2432,0968233,staff@duke.edu
2433,1213902,student@duke.edu
2434,1018392,staff@duke.edu
2435,0636297,staff@duke.edu
2436,0514656,staff@duke.edu
2437,0995125,student@duke.edu
2438,1331345,student@duke.edu
2439,1251975,affiliate@duke.edu
2440,1189153,staff@duke.edu
2441,1007008,staff@duke.edu
2442,0496673,staff@duke.edu
2443,1276047,student@duke.edu
2444,0350591,alumni@duke.edu
2445,0436610,faculty
2446,1275833,student@duke.edu
2447,1023756,student@duke.edu
2448,1271352,student@duke.edu
2449,1042373,staff@duke.edu
2450,0962644,student
2451,1310473,student@duke.edu
2452,1040775,staff@duke.edu
2453,1196317,staff@duke.edu
2454,1213397,staff@duke.edu
2455,1288471,staff@duke.edu
2456,1297169,student@duke.edu
2457,1268328,student@duke.edu
2458,1302332,student@duke.edu
2459,1265981,staff@duke.edu
2460,1126408,staff@duke.edu
2461,1269755,student@duke.edu
2462,1309038,staff@duke.edu
2463,1303901,staff@duke.edu
2464,0952735,student@duke.edu
2465,1218072,student@duke.edu
2466,1360899,affiliate@duke.edu
2467,0405683,faculty@duke.edu
2468,1351535,staff@duke.edu
2469,1097880,staff@duke.edu
2470,0560546,staff@duke.edu
2471,0641169,student@duke.edu
2472,0774571,staff@duke.edu
2473,0502386,staff@duke.edu
2474,1301702,staff@duke.edu
2475,1091907,staff@duke.edu
2476,1241456,staff@duke.edu
2477,1304590,staff@duke.edu
2478,0980579,faculty@duke.edu
2479,0964872,student@duke.edu
2480,0942188,student@duke.edu
2481,1095359,staff@duke.edu
2482,1289690,staff@duke.edu
2483,1092443,staff@duke.edu
2484,1194515,staff@duke.edu
2485,1116780,student@duke.edu
2486,1095370,staff@duke.edu
2487,0799060,student@duke.edu
2488,1239467,staff@duke.edu
2489,1042462,staff@duke.edu
2490,1018993,student@duke.edu
2491,1098340,alumni@duke.edu
2492,1260684,student@duke.edu
2493,1328063,staff@duke.edu
2494,1290350,staff@duke.edu
2495,0811613,staff@duke.edu
2496,1211106,staff@duke.edu
2497,0851324,student@duke.edu
2498,0490472,faculty@duke.edu
2499,0930712,staff@duke.edu
2500,1270042,staff@duke.edu
2501,1234849,student@duke.edu
2502,1064492,staff@duke.edu
2503,1293888,student@duke.edu
2504,1105118,student@duke.edu
2505,1282198,student@duke.edu
2506,1297498,student@duke.edu
2507,1241712,student@duke.edu
2508,1042831,staff@duke.edu
2509,1324628,student@duke.edu
2510,1046059,staff@duke.edu
2511,1045541,staff@duke.edu
2512,1302019,student@duke.edu
2513,1233962,student@duke.edu
2514,1045318,staff@duke.edu
2515,1340810,staff@duke.edu
2516,1252211,staff@duke.edu
2517,1329933,staff@duke.edu
2518,0551859,staff@duke.edu
2519,0905309,faculty@duke.edu
2520,1069952,student@duke.edu
2521,1037303,staff@duke.edu
2522,1125761,faculty@duke.edu
2523,0900121,student@duke.edu
2524,1203623,staff@duke.edu
2525,1040769,student@duke.edu
2526,1324113,student@duke.edu
2527,1042119,student@duke.edu
2528,1072747,staff@duke.edu
2529,0952262,staff@duke.edu
2530,1104808,staff@duke.edu
2531,1297058,affiliate@duke.edu
2532,0925225,staff@duke.edu
2533,1294833,student@duke.edu
2534,1304380,student@duke.edu
2535,1335715,student@duke.edu
2536,1183781,staff@duke.edu
2537,1335902,student@duke.edu
2538,1286717,student@duke.edu
2539,1169800,staff@duke.edu
2540,0894577,student@duke.edu
2541,1310676,student@duke.edu
2542,1271226,staff@duke.edu
2543,1294070,student@duke.edu
2544,1119335,staff@duke.edu
2545,1041804,student@duke.edu
2546,1000756,staff@duke.edu
2547,0633912,staff@duke.edu
2548,1019115,staff@duke.edu
2549,1230766,student@duke.edu
2550,1293572,student@duke.edu
2551,1306551,student@duke.edu
2552,1239153,faculty@duke.edu
2553,0980095,student@duke.edu
2554,0109197,staff@duke.edu
2555,0789316,alumni@duke.edu
2556,0565110,alumni@duke.edu
2557,0199984,faculty@duke.edu
2558,0604247,staff@duke.edu
2559,0297832,faculty@duke.edu
2560,1251228,faculty@duke.edu
2561,1291317,student@duke.edu
2562,1281259,student@duke.edu
2563,1283488,student@duke.edu
2564,1205562,student@duke.edu
2565,1267199,student@duke.edu
2566,1190108,student@duke.edu
2567,1318979,student@duke.edu
2568,0234282,faculty@duke.edu
2569,0205348,staff@duke.edu
2570,1299162,student@duke.edu
2571,1200585,affiliate@duke.edu
2572,1275460,student@duke.edu
2573,1296485,student@duke.edu
2574,1190335,student@duke.edu
2575,0477517,alumni@duke.edu
2576,0904400,staff@duke.edu
2577,1238951,student@duke.edu
2578,0201165,faculty@duke.edu
2579,0852919,student@duke.edu
2580,0011927,alumni@duke.edu
2581,1368821,staff@duke.edu
2582,0833570,student@duke.edu
2583,1294065,student@duke.edu
2584,0084155,staff@duke.edu
2585,0624778,staff@duke.edu
2586,0008708,alumni@duke.edu
2587,1201831,student@duke.edu
2588,1196341,staff@duke.edu
2589,0351145,staff@duke.edu
2590,1263945,student@duke.edu
2591,0105417,staff@duke.edu
2592,0377821,faculty@duke.edu
2593,1266230,student@duke.edu
2594,1323304,student@duke.edu
2595,0565196,faculty@duke.edu
2596,1294811,student@duke.edu
2597,1278016,student@duke.edu
2598,1266121,student@duke.edu
2599,1184207,student@duke.edu
2600,1266130,student@duke.edu
2601,0764908,student@duke.edu
2602,1327377,student@duke.edu
2603,0933425,student@duke.edu
2604,1200435,student@duke.edu
2605,1233870,student@duke.edu
2606,1196335,student@duke.edu
2607,0610685,faculty
2608,1215253,student@duke.edu
2609,0227803,alumni@duke.edu
2610,1270280,student@duke.edu
2611,1275988,student@duke.edu
2612,0485878,faculty@duke.edu
2613,1242599,student@duke.edu
2614,1200346,student@duke.edu
2615,1315776,student@duke.edu
2616,1335070,staff@duke.edu
2617,1276994,student@duke.edu
2618,0714583,student@duke.edu
2619,1294059,student@duke.edu
2620,1211853,staff@duke.edu
2621,1214042,student@duke.edu
2622,1216136,student@duke.edu
2623,0487396,staff@duke.edu
2624,0726802,alumni@duke.edu
2625,1317152,student@duke.edu
2626,0723999,staff@duke.edu
2627,1367874,staff@duke.edu
2628,0763778,alumni@duke.edu
2629,1300932,student@duke.edu
2630,1243501,staff@duke.edu
2631,1003357,student@duke.edu
2632,0629425,faculty@duke.edu
2633,1077804,student@duke.edu
2634,1205228,student@duke.edu
2635,0332252,staff@duke.edu
2636,1081009,student@duke.edu
2637,1294052,student@duke.edu
2638,1296962,student@duke.edu
2639,1274682,student@duke.edu
2640,1232399,student@duke.edu
2641,0745378,student@duke.edu
2642,1328999,student@duke.edu
2643,1297174,staff@duke.edu
2644,0793513,staff@duke.edu
2645,1162068,student@duke.edu
2646,1324695,staff@duke.edu
2647,0978346,student@duke.edu
2648,1233099,student@duke.edu
2649,1319550,student@duke.edu
2650,0918821,staff@duke.edu
2651,1241544,staff@duke.edu
2652,1294842,student@duke.edu
2653,0844149,staff@duke.edu
2654,1313910,staff@duke.edu
2655,0767242,alumni@duke.edu
